Workbook

Sheet Summary
A1: GSTR-1 Summary Report
A2: Return Period: 122025 | GSTIN: 27AAAAA1234A1ZA | ABC Pvt Ltd
A4: Document Counts by Section
A6: Section | B6: Count | C6: Excel Formula | E6: Taxable Value | F6: Excel Formula
A7: B2B (Registered) | B7: 4 | C7: =COUNTA('B2B'!C:C)-1 -> 0 | E7: =SUM('B2B'!L:L) -> 0 | F7: =SUM('B2B'!L:L) -> 0
A8: B2CL (Export > 2.5L) | B8: 1 | C8: =COUNTA('B2CL'!A:A)-1 -> 0 | E8: 254237.29 | F8: =SUM('B2CL'!G:G) -> 0
A9: B2CS (Unregistered) | B9: 1 | C9: =COUNTA('B2CS'!A:A)-1 -> 0 | E9: 10000 | F9: =SUM('B2CS'!E:E) -> 0
A10: Export | B10: 2 | C10: =COUNTA('EXP'!B:B)-1 -> 0 | E10: 150000 | F10: =SUM('EXP'!I:I) -> 0
A11: CDNR (Registered CN/DN) | B11: 1 | C11: =COUNTA('CDNR'!C:C)-1 -> 0 | E11: 0 | F11: =SUM('CDNR'!L:L) -> 0
A12: CDNUR (Unregistered CN/DN) | B12: 0 | C12: =COUNTA('CDNUR'!B:B)-1 -> 0 | E12: 0 | F12: =SUM('CDNUR'!I:I) -> 0
A13: TOTAL | B13: =SUM(B6:B12) -> 0 | E13: =SUM(E6:E12) -> 0
A14: Tax Summary
A16: Tax Component | B16: Amount (INR) | C16: Excel Formula Reference | E16: Description
A17: IGST | B17: 90762.71 | C17: =SUM('B2B'!M:M,'B2CL'!H:H,'B2CS'!F:F,'EXP'!K:K)+SUM('CDNUR'!J:J) -> 0 | E17: Inter-state sales & exports
A18: CGST | B18: 45381.35 | C18: =SUM('B2B'!N:N,'B2CL'!I:I,'B2CS'!G:G) -> 0 | E18: Intra-state (Central share)
A19: SGST/UTGST | B19: 45381.35 | C19: =SUM('B2B'!O:O,'B2CL'!J:J,'B2CS'!H:H) -> 0 | E19: Intra-state (State/UT share)
A20: Cess | B20: 0 | C20: =SUM('B2CL'!K:K,'B2CS'!I:I,'EXP'!L:L)+SUM('CDNR'!M:M,'CDNUR'!K:K) -> 0 | E20: Goods (GST exempt goods)
A21: TOTAL TAX | B21: =B16+B17+B18+B19 -> 0
A22: GRAND TOTAL (Taxable + Tax)
E23: =E20+B21 -> 0

Sheet B2B
A4: GSTIN/UIN of Recipient | B4: Receiver Name | C4: Invoice Number | D4: Invoice date | E4: Invoice Value | F4: Place Of Supply | G4: Reverse Charge | H4: Applicable % of Tax Rate | I4: Invoice Type | J4: E-Commerce GSTIN | K4: Rate | L4: Taxable Value | M4: Integrated Tax | N4: Central Tax | O4: State/UT Tax | P4: Cess Amount
A5: 27ABCDE1234F1Z5 | B5: ABC Traders | C5: INV001 | D5: 05/12/2025 | E5: 118000 | F5: 27 | G5: N | I5: Regular | K5: 18 | L5: 100000 | M5: 0 | N5: 9000 | O5: 9000 | P5: 0
A6: 29ABCDE5678G1Z2 | B6: XYZ Pvt Ltd | C6: INV002 | D6: 06/12/2025 | E6: 118000 | F6: 29 | G6: N | I6: Regular | K6: 18 | L6: 100000 | M6: 18000 | N6: 9000 | O6: 9000 | P6: 0
A7: 29ABCDE5678G1Z2 | B7: XYZ Pvt Ltd | C7: INV008 | D7: 15/12/2025 | E7: 59000 | F7: 29 | G7: N | I7: Regular | K7: 18 | L7: 50000 | M7: 9000 | N7: 4500 | O7: 4500 | P7: 0
A8: 27ABCDE9999F1Z5 | B8: RCM Buyer | C8: INV007 | D8: 14/12/2025 | E8: 10000 | F8: 27 | G8: Y | I8: Regular | K8: 18 | L8: 10000 | M8: 0 | N8: 900 | O8: 900 | P8: 0

Sheet B2CL
A4: Invoice Number | B4: Invoice date | C4: Invoice Value | D4: Place Of Supply | E4: Applicable % of Tax Rate | F4: Rate | G4: Taxable Value | H4: Integrated Tax | I4: Central Tax | J4: State/UT Tax | K4: Cess Amount | L4: E-Commerce GSTIN
A5: INV003 | B5: 07/12/2025 | C5: 300000 | D5: 29 | F5: 18 | G5: 254237.29 | H5: 45762.71 | I5: 22881.35 | J5: 22881.35 | K5: 0

Sheet B2CS
A4: Type | B4: Place Of Supply | C4: Applicable % of Tax Rate | D4: Rate | E4: Taxable Value | F4: Integrated Tax | G4: Central Tax | H4: State/UT Tax | I4: Cess Amount | J4: E-Commerce GSTIN
A5: OE | B5: 27 | D5: 18 | E5: 10000 | F5: 0 | G5: 900 | H5: 900 | I5: 0

Sheet EXP
A4: Export Type | B4: Invoice Number | C4: Invoice date | D4: Invoice Value | E4: Port Code | F4: Shipping Bill Number | G4: Shipping Bill Date | H4: Taxable Value | I4: Rate | J4: Integrated Tax Amount | K4: Cess Amount
A5: WOPAY | B5: INV005 | C5: 09/12/2025 | D5: 100000 | H5: 100000 | I5: 18 | J5: 18000 | K5: 0
A6: WOPAY | B6: INV006 | C6: 10/12/2025 | D6: 50000 | H6: 50000 | I6: 0 | J6: 0 | K6: 0

Sheet CDNR
A4: GSTIN/UIN of Recipient | B4: Receiver Name | C4: Note Number | D4: Note Date | E4: Note Type | F4: Place Of Supply | G4: Reverse Charge | H4: Note Supply Type | I4: Note Value | J4: Applicable % of Tax Rate | K4: Rate | L4: Taxable Value | M4: Cess Amount
A5: 27ABCDE1234F1Z5 | B5: ABC Traders | C5: CN001 | D5: 12/12/2025 | E5: Credit Note | F5: 27 | G5: Y | I5: 11800 | K5: 18 | L5: -10000 | M5: 0

Sheet CDNUR
A4: UR Type | B4: Note Number | C4: Note Date | D4: Note Type | E4: Place Of Supply | F4: Note Value | G4: Applicable % of Tax Rate | H4: Rate | I4: Taxable Value | J4: Cess Amount

Sheet HSN
A4: HSN | B4: Description | C4: UQC | D4: Total Quantity | E4: Total Value | F4: Taxable Value | G4: Integrated Tax Amount | H4: Central Tax Amount | I4: State/UT Tax Amount | J4: Cess Amount | K4: Rate
A5: 8471 | C5: NOS | D5: 30 | E5: 0 | F5: 300000 | G5: 36000 | H5: 18000 | I5: 18000 | J5: 0 | K5: 18
A6: 8504 | C6: NOS | D6: 23 | E6: 0 | F6: 304237.29 | G6: 54762.71 | H6: 27381.35 | I6: 27381.35 | J6: 0 | K6: 18
A7: 9983 | C7: NOS | D7: 1 | E7: 0 | F7: 10000 | G7: 0 | H7: 900 | I7: 900 | J7: 0 | K7: 18

Sheet Docs
A4: Nature of Document | B4: Sr No From | C4: Sr No To | D4: Total Number | E4: Total Cancelled | F4: Net Issue
A5: Invoices for outward supply | D5: 0 | E5: 0 | F5: 0
A6: Invoices for inward supply from unregistered person | D6: 0 | E6: 0 | F6: 0
A7: Debit Note | D7: 0 | E7: 0 | F7: 0
A8: Credit Note | D8: 0 | E8: 0 | F8: 0
A9: Delivery Challan for job work | D9: 0 | E9: 0 | F9: 0
